,Y_Pred
0,-57.950959661647666
1,-8.788793995474549
2,-124.39843881803009
3,219.91258580131122
4,100.3200849637233
5,-52.51752000629509
6,20.440425952406976
7,171.84765383397678
8,-35.71388730609777
9,-112.34628906259823
10,142.71469464221803
11,151.15918614779852
12,52.80050549216573
13,-83.86971012665697
14,-16.58639957099745
15,-142.2572061299539
16,109.64203525819372
17,225.8847701555121
18,90.71844149187933
19,53.21621953184122
20,-11.069613159401264
21,-40.495678993781176
22,-38.82373835459924
23,-38.90959578607224
24,91.48554244816964
25,179.6595851119226
26,-22.03058847403134
27,-1.1035224094042935
28,110.27562456381736
29,43.240863423269886
30,70.51787156524247
31,65.72802807701692
32,26.158263122298578
33,93.6694813319769
34,-49.1452904404807
35,-56.318919634906614
36,-57.50980939511857
37,-0.7296325324323831
38,-97.28475636827972
39,98.08034509176949
40,-5.905744189044569
41,-115.59396668624217
42,13.903751481822702
43,-59.01202230430257
44,72.29562860330994
45,-0.7731632768636629
46,13.418932099035551
47,-23.119433632382574
48,54.954927330373586
49,87.14400807946151
50,275.67552166016867
51,-20.00944893995625
52,-64.4254545490023
53,106.10308660991998
54,-187.51701723044943
55,26.06171877424055
56,22.038110812627046
57,200.7096005786724
58,69.56744810788643
59,-97.48873285755641
60,-42.181109811632574
61,-182.28226095442807
62,-11.42823014746055
63,133.43418716663425
64,85.4750890611582
65,-21.44060990162405
66,4.514898958653802
67,1.326003554363858
68,158.80895860461018
69,-32.455633505676225
70,34.45678274306736
71,24.29835212984822
72,-70.3045886139067
73,47.280000077734265
74,155.4239574808042
75,4.304771808929576
76,-28.25134227468319
77,15.07746537307085
78,-32.11766348360283
79,-13.012499373470664
80,-104.70701358754314
81,19.2061347706144
82,139.24332370349984
83,63.71338151490016
84,-32.02212662380104
85,141.27829031679366
86,68.29259396107491
87,-12.671469741658463
88,-4.917569152542455
89,164.70336664410544
90,5.004588347754635
91,-63.87680107522866
92,12.39704169673918
93,-1.7173859849356674
94,-122.99491747466666
95,-85.2815112886995
96,-25.312025748656843
97,41.83375949363837
98,5.586018301712386
99,66.78840931187935
100,92.42403137838443
101,-50.125782546713815
102,-36.08356596056565
103,104.67669240074167
104,25.72227189551544
105,40.859950006269266
106,36.10613180995203
107,161.84473178657808
108,31.94978155645211
109,-46.527904852507454
110,-146.00231825497573
111,122.58265840421592
112,96.10191366970807
113,-53.434383960017506
114,-24.31741245460544
115,26.611216535124257
116,-47.563827331542356
117,-74.03842103442778
118,-141.60755105199343
119,-6.37019532881574
120,-56.38105864009379
121,17.45881225240616
122,85.0670735646662
123,222.23889975123762
124,-52.661056088608625
125,-39.5238026833302
126,-50.59316658711703
127,-39.77840868679717
128,-63.083608593964705
129,40.41273265564392
130,-5.58027421012004
131,-49.63395016531088
132,152.63927055698727
133,-44.701742932139645
134,-93.80752757747558
135,174.43462685135543
136,-131.8688114087427
137,69.32330088711912
138,204.98457593023437
139,-61.359418634787524
140,-100.0029743673598
141,-77.13044387365221
142,23.010232628572766
143,106.48917348521292
144,75.32442250813668
145,-38.795802039071674
146,32.795597395440915
147,-126.9705999097163
148,48.42649338728993
149,-103.36045855473608
150,117.13277414888816
151,155.39032244627424
152,-53.8088506629058
153,69.50407059522229
154,-113.10040959517102
155,107.10576220942116
156,122.16451980888863
157,31.867765090822523
158,-51.60328599266181
159,54.362933747063394
160,112.69871856069216
161,-111.86321308145912
162,-58.771233517987305
163,-139.8280580236157
164,110.34700247590987
165,225.42397606827677
166,30.10241598341809
167,52.443545141402936
168,-26.747199820648873
169,51.196764083832996
170,16.422723525934106
171,10.771567443566589
172,-49.426372962478304
173,126.21305341706133
174,42.56812424223825
175,171.66389844231023
176,6.3809164745818165
177,22.36122656642469
178,185.84395394699672
179,40.390955629981185
180,-23.431731417829575
181,41.862698282794135
182,99.10112107446037
183,81.94108679693147
184,-38.74003374455791
185,3.308289364600469
186,-55.700447285791235
187,-20.89902789951809
188,-56.62661804247424
189,-8.26230643386025
190,-5.334139968362658
191,-67.67565555631148
192,39.45559437072476
193,-7.0876002502111675
194,-10.737410509082146
195,6.660969722445699
196,-31.455963176572432
197,99.27304365789124
198,87.40945765309422
199,54.65555766460401
200,22.69493614992769
201,-5.50876667129652
202,1.225582165312261
203,-35.80540665177246
204,-179.70084706479244
205,-50.54585117172829
206,-86.23750203636865
207,89.13804314644918
208,57.67682454499835
209,-38.533274408040874
210,124.76525192974015
211,125.48153152371114
212,9.20232770885897
213,-45.46952611473007
214,-66.1902732407438
215,-59.971018866330304
216,44.41744514775731
217,-33.370137694472426
218,157.73181220994198
219,25.32126501591226
220,177.68421095491163
221,1.5416377287944627
222,27.81804373668753
223,-6.664934581974769
224,-24.873309808204276
225,-88.38964535055786
226,-45.22520456434873
227,-108.3500447396973
228,-23.17423096653878
229,168.79206497699752
230,-30.114224927480066
231,-26.35728727220554
232,164.92756877230494
233,-55.18758169041825
234,-2.8748104699131076
235,66.47816605393999
236,107.237902305364
237,-94.26088435968188
238,36.622733513451294
239,-104.7514484484698
240,29.718855222252156
241,99.13510061727885
242,58.39383702109993
243,-116.08499343871503
244,-118.62503969392972
245,-66.04249905791465
246,60.00485509177908
247,-66.52350213344232
248,54.805304200443175
249,3.547008221928631
250,115.49252783845574
251,53.043775124727475
252,59.77627818505048
253,-20.91998606825559
254,91.10191162836938
255,-2.309620071924794
256,-117.63572815438587
257,4.304810283930928
258,37.67514748815749
259,-69.83174283208078
260,-143.61059099313
261,-7.274692801200015
262,-6.8186187423246984
263,33.76418520182301
264,87.67588555744817
265,-48.354185797575774
266,87.60353516603095
267,62.926226993749616
268,158.45815296605454
269,65.4789310590881
270,5.842321948017016
271,77.43387394894219
272,31.837534752316845
273,-24.4153725249219
274,42.44198503808676
275,77.10389580314163
276,-55.37494715523844
277,-47.67037023452654
278,154.07309172573233
279,-24.434916804456684
280,-62.77882827556338
281,98.86032098702077
282,-104.49828865941188
283,-37.01564114090252
284,29.260646356770028
285,-3.6931155828990985
286,41.78764335211608
287,36.12600198998206
288,0.7837066455848998
289,-66.88317472446514
290,32.09896169448967
291,213.93954970844283
292,16.178846142829475
293,-194.89831401919602
294,-115.61897033362396
295,-48.02982879283424
296,9.598353262644068
297,-59.56982413190719
298,-160.67662229996867
299,146.7631424708405
300,-53.718251937999334
301,28.274887916427545
302,-8.605594311173608
303,63.535253336583416
304,23.786351029409538
305,122.48134510766914
306,-175.46191843740726
307,84.57072520317817
308,-3.5765357983281163
309,-85.57958256759767
310,23.93632565575306
311,-203.47292714600067
312,36.27674530286554
313,-34.75090482693496
314,-75.38827294404331
315,-25.185258548817806
316,9.779458707522917
317,-86.34545867988115
318,34.204088677498135
319,224.66603307079194
320,97.02959055208541
321,68.19881143761611
322,113.66794778658775
323,-53.84217068801112
324,-61.51243792664091
325,89.6038099173243
326,-29.061842949944378
327,-5.899062460089965
328,134.45541227895256
329,129.06271966451675
330,100.11062398828324
331,-137.9710683994446
332,-85.09049168129297
333,301.6735451048279
334,-16.873314964977247
335,99.20895792759143
336,149.16142059839714
337,37.003458391298025
338,9.661054892614803
339,-64.89537350208246
340,-10.899096871149276
341,31.12875074310606
342,131.3326269619961
343,13.139576912282742
344,-19.872526115301973
345,-128.9672866832237
346,181.15668888006027
347,157.96996834852428
348,15.208659008575083
349,82.38243611464534
350,9.463648719368901
351,106.87491963952547
352,-80.79387712377758
353,-100.35326865826593
354,-10.648023394204166
355,-28.556454209476648
356,48.799290334709376
357,-38.64416627960895
358,27.521306715332493
359,55.432264715770664
360,-89.75297210435448
361,66.1747031033461
362,-59.48932598819534
363,-157.4250392658495
364,-13.86764324644173
365,-96.01152172161736
366,-214.53567889749803
367,22.538519577224065
368,121.81965484407377
369,184.16545372378295
370,-7.057733276115897
371,46.72385308063759
372,148.26656520701155
373,14.899716663336498
374,30.81640182629355
375,-42.435203422734666
376,73.26459684857284
377,-19.873827771670204
378,4.353245162675989
379,30.458995333774048
380,-56.08320289706004
381,48.23177447912337
382,86.19965552962847
383,-89.09689951586799
384,-26.43178863314386
385,156.17717069212816
386,-6.466814379720255
387,208.6358871041015
388,-34.08011750284275
389,4.5285663954611906
390,-9.877095773278207
391,139.01605333102458
392,-88.88522499084524
393,192.54668903589135
394,120.47895042886648
395,-28.225710144878725
396,5.580403567174272
397,-25.673942929511803
398,-162.05632356953063
399,75.16223601902396
400,-66.91184561462654
401,-54.591991260755954
402,13.268289229187214
403,31.033257369753635
404,-63.41711488843789
405,109.55149632781061
406,211.45680054439646
407,78.63101647116275
408,35.149603896321764
409,134.4335312413672
410,-98.51441752349186
411,29.500965804680185
412,56.88673355328823
413,-88.30625921886104
414,88.01613556826396
415,-54.46796557534933
416,32.079878798518294
417,70.68258050902313
418,-23.676755567097366
419,-22.492105736223188
420,-2.2436533548857795
421,-11.44607683188196
422,29.506242360544924
423,35.10627560971887
424,-80.56548188114562
425,91.77350884578053
426,76.96635154456433
427,43.993084794417214
428,80.26736390141599
429,109.67396519781633
430,-115.43513962646085
431,17.270540354974674
432,34.3562815002964
433,34.748477622827195
434,-11.586872095929802
435,50.20939001659202
436,14.167533636183002
437,-155.8968812829531
438,-8.808141614900382
439,-44.050747022055816
440,-63.18975942281755
441,-13.034578036152919
442,-90.45251730602982
443,-90.14638022749071
444,177.22672580464567
445,-95.39368760529933
446,55.98319054312292
447,162.4179769205618
448,66.68444034615044
449,72.62444816764855
450,-43.49587398880568
451,20.54476902853024
452,74.9624778681137
453,91.05342167455754
454,-109.15394167032017
455,59.45530490337496
456,-30.94417667954081
457,-8.23066919296403
458,-3.7838402634371775
459,-42.120164184044334
460,-34.53052750290079
461,133.37868178786502
462,-51.32636812518215
463,-17.729491192778276
464,56.88448685286809
465,-99.30679279625008
466,135.8366593859355
467,119.4109110210002
468,-38.4324118930354
469,33.06681924207195
470,49.96163750035915
471,-37.48101544141271
472,-45.47736592098085
473,-35.317183274838605
474,27.641238663668236
475,-13.31973123389453
476,-33.722514109374146
477,-27.251946471990564
478,-108.24066127348405
479,-63.09122388140654
480,-32.44610622281793
481,18.815768626297736
482,-123.67464620578406
483,183.65058407391032
484,5.345968713573747
485,132.54698413487452
486,-40.36681263167792
487,-31.30871453238332
488,-215.6094920988689
489,42.49436453589643
490,71.3882442457347
491,14.438230893444752
492,38.27879962788559
493,72.28435356776887
494,88.23524248392525
495,-1.7269411555045995
496,29.962171363657564
497,-25.651163661552992
498,-24.94346614750902
499,99.9794296199357
500,20.090559472738562
501,47.62682770311686
502,40.95548202143374
503,-96.61479591058827
504,92.7167188918348
505,-102.73222341393966
506,48.31256064917869
507,-21.326300761727254
508,-130.6402587154349
509,96.00400299778207
510,80.76018289640183
511,110.018529752987
512,47.279981529203646
513,-109.43191467197809
514,61.28431040003249
515,132.23960976694946
516,87.23944343272672
517,-110.60681197611876
518,73.21225084295116
519,1.3524994188411092
520,-47.12124600103599
521,-63.66267298635092
522,-59.48743126229409
523,182.48412117757147
524,-72.8032876133964
525,9.765768126591873
526,89.4242538657129
527,125.92905101734465
528,-123.609640320028
529,-55.16521752023127
530,-40.27747811808229
531,24.162881696835765
532,-52.91214279842617
533,33.224350741157934
534,-6.572823559227189
535,-20.291035449838617
536,-67.21908697294762
537,74.8796521916469
538,6.208136998023068
539,-58.13278739628495
540,2.9615635291341924
541,-198.4052975719671
542,-202.28717039269807
543,27.215532790827826
544,-108.42350007115229
545,100.08357117399157
546,25.073773042380584
547,31.767277698393347
548,-170.07217700625728
549,-2.1772767987924198
550,121.56970341252128
551,24.215004854477392
552,-47.313418044240414
553,109.0376977084388
554,152.79425797211917
555,36.445083836529044
556,99.96161968387128
557,42.96246220076971
558,62.30335070519914
559,-105.93523624120667
560,-22.140512496057674
561,-13.243858413339282
562,102.76607878126237
563,23.946429853121565
564,19.32970301311388
565,69.45290960691744
566,-38.341350352424556
567,46.447433060278065
568,63.30972145602761
569,28.00652860758872
570,22.696562718063177
571,-4.101031578774769
572,80.67964976839153
573,-13.581117598948744
574,70.73789857915779
575,-161.56984771023784
576,1.791347978202083
577,-197.94216334469934
578,-144.34040715225177
579,-82.92107005992747
580,-80.6220173297099
581,115.54040461686913
582,25.637808169995687
583,-55.75934435848108
584,-19.63856628870473
585,162.63410268518555
586,-150.80941174221522
587,107.80441049103251
588,-1.0018976253892582
589,82.70275603338126
590,-19.518683963525255
591,26.74974363025177
592,-225.69290710772853
593,51.24194308826074
594,7.081509351820493
595,35.2910405545354
596,66.75416353124612
597,-12.41751917533741
598,-154.07140108094447
599,93.14740508346938
600,-147.8471941075408
601,-22.102231294354368
602,55.431287398434456
603,-56.04270871985032
604,54.354379602389436
605,-87.76931554321663
606,99.07949000548257
607,-144.33480177449516
608,47.70800335014237
609,131.14722224252523
610,26.883366104435545
611,-94.84481155525421
612,-184.52322605681442
613,-130.8819496165884
614,61.91697004494319
615,64.10282621311455
616,107.17568185189796
617,114.73827501585527
618,65.66024102522012
619,-93.73133545373852
620,56.51926813066023
621,15.600465108623037
622,88.13594071362803
623,21.278330864150256
624,-19.373165729739213
625,188.7999541253047
626,8.29535163727466
627,43.92708000938949
628,90.14406888201742
629,39.762447125844474
630,170.45597085528289
631,123.55458725919493
632,-50.47498744663255
633,-61.898839456879706
634,-119.19790117639045
635,-56.30700485642277
636,28.012142693916147
637,28.346232615998236
638,27.545311071585537
639,-35.18709508595181
640,4.110490992819651
641,70.437800928629
642,-4.089189664739889
643,80.36693227964184
644,-133.98737486239654
645,92.83116849050938
646,-16.38521230669125
647,97.66537135875632
648,101.50820812921975
649,-73.78852631547934
650,-38.91685196535293
651,67.47925235223357
652,-8.202109069309572
653,-95.57912844939827
654,-29.705547685916564
655,2.7759080722204814
656,67.05795639494232
657,6.399424308610897
658,73.28049724644202
659,-160.9582199032469
660,66.46264545571645
661,-133.43611461391262
662,-94.79239889724138
663,5.815433702787313
664,-96.10643721288372
665,23.540583409891187
666,-140.58779783598314
667,-17.08414558651041
668,79.34243101285432
669,-145.4389570632384
670,1.782967858692892
671,-35.295739270551714
672,-150.2886818113081
673,-69.85414566556045
674,46.8165579252808
675,113.07658725039997
676,62.37441250495992
677,-130.28415461226527
678,124.91069045385618
679,-63.498013478914665
680,64.83446497469279
681,40.57770283592187
682,47.530564024188315
683,121.02187535213108
684,0.09547386657391499
685,-39.95202403077019
686,-53.35710479283049
687,-3.3741726835584185
688,41.32471664955898
689,-15.344828035407176
690,-101.2577514692669
691,-82.55745128099838
692,-87.28324022240665
693,-124.34905565005386
694,186.6623144910005
695,2.5609411297240445
696,139.29123218497077
697,315.76232348173403
698,36.62284705489092
699,-54.433131412522194
700,-44.42731574265826
701,-46.43908281988201
702,54.0901571427626
703,9.11971246088634
704,12.125425829861946
705,-19.003563494305602
706,-81.41943358960808
707,62.33824917723882
708,90.45803822847301
709,164.77446945513853
710,2.127369786626793
711,-26.002541700191017
712,44.904255200567235
713,56.999014397185434
714,96.03623607360782
715,175.09255391034552
716,15.706342203631529
717,-41.609271741247355
718,11.98850950710477
719,-169.15427393837382
720,-84.79293323508276
721,73.29423137849102
722,55.66123245564473
723,135.2638568053995
724,9.945598917913749
725,38.53632916682202
726,69.70647508732785
727,-82.1745572097677
728,-79.22501163516316
729,67.80380791990896
730,-35.379712052219894
731,-95.41806943600258
732,17.952445932551328
733,14.32318472967657
734,-48.92817825013247
735,123.65001738646941
736,-91.07603303312055
737,169.04368875477766
738,60.3927467476117
739,-2.3828061313733215
740,72.11862770029498
741,93.91200721185405
742,52.99596584475053
743,-273.0019649833223
744,-41.146648077825986
745,-103.00865699497007
746,-26.831165654753562
747,48.19696523361135
748,-41.31069147581051
749,14.534147399951493
750,126.99112586818035
751,124.49370459042345
752,37.053250865287126
753,2.9830919805959475
754,92.02759538958713
755,78.40654940410735
756,53.28027003043524
757,43.09970998872507
758,-56.8648220669422
759,-76.59490836870646
760,108.88751491677633
761,170.69148030147173
762,89.430588113536
763,-20.532023618679922
764,-58.50612480684833
765,55.43458637725916
766,-20.99702220687807
767,51.27882524969234
768,-196.21896772198622
769,-12.917727174915449
770,-1.2703942348301496
771,45.73295547448539
772,-190.25081835188607
773,8.2845877747435
774,-78.69852408862675
775,57.51422403396105
776,0.18106512421879017
777,3.3231268306694943
778,103.2255582035969
779,107.31740102564487
780,8.808579107461355
781,14.443761292802561
782,-43.19051558321331
783,-145.93407064175742
784,162.23467422264156
785,120.70633287203816
786,64.644682401089
787,4.1489452144520875
788,7.737250026433115
789,9.723511224627767
790,96.76892082533368
791,92.64949620007957
792,-14.056267777494828
793,-78.77886381123577
794,138.8301125923652
795,169.50541646707802
796,-62.31840890359937
797,96.7490128079929
798,-35.1210968110892
799,8.57318900319185
800,89.26325792087346
801,-1.7962899136953965
802,43.06628246868329
803,-185.6287715623766
804,-61.57471011807966
805,8.329300870572492
806,-17.728753526439647
807,-103.9853797874739
808,32.262571607721995
809,41.35439675705013
810,106.92947366859366
811,123.69625430126683
812,203.21777774234755
813,7.908254173841196
814,17.875618844821815
815,162.86869282538646
816,67.31067326173054
817,-10.980377180823115
818,-61.280817029817634
819,-41.07428144078883
820,-157.8933933671602
821,-12.375071152850914
822,16.98288188251788
823,-148.79683313143494
824,32.5660908969664
825,9.8504353676202
826,-57.5384175465203
827,-104.33503414797494
828,55.91086268344757
829,-54.9500638117946
830,68.99815988296794
831,53.10777873357968
832,-101.19523805996897
833,94.74002292735514
834,27.406539954436155
835,66.1878248504609
836,3.814784701904678
837,-91.68827651208562
838,231.4448288884653
839,247.78599663909154
840,43.2154437963847
841,168.4052039813973
842,-76.80492454193498
843,15.132947746585145
844,-56.047641126591735
845,-29.7168492942644
846,48.36099685654931
847,-12.26617007221779
848,-52.560202532756925
849,15.121455347869983
850,-19.93253551068629
851,151.1847525954718
852,7.41401056456602
853,-118.64370575474337
854,128.7393184787637
855,-52.13366853407235
856,-2.5748404386716146
857,-43.714400745325385
858,-105.52468980928109
859,111.34681604844081
860,2.790724221541538
861,143.07942548756807
862,-80.28594282851151
863,-17.438562408683662
864,-53.1818866332425
865,-61.721178746125254
866,16.17206372249997
867,-6.308836117216828
868,-21.31787356925817
869,39.04873218986732
870,79.43614198348794
871,-65.25102927138823
872,190.88039610666917
873,-53.454033082674464
874,-12.691089178974131
875,-91.1461686847448
876,64.64525477213044
877,13.65572057370278
878,-131.05158085085446
879,-17.861505243775
880,-185.24104096917205
881,-64.73347792850657
882,47.05792352105188
883,86.49919875618085
884,120.8077305132386
885,-162.83169826983703
886,-80.10023449895687
887,-37.04441313728204
888,88.37667567745982
889,-146.72861655067464
890,3.082573451560542
891,-136.4368803367678
892,105.7569181733389
893,109.84411951298486
894,90.58091176393864
895,5.75098569324031
896,-215.5520737832437
897,171.20388944455013
898,-19.502046575094155
899,-163.25885255438075
900,-42.46101822300532
901,-65.08343757013733
902,132.28187126787907
903,50.29730961564477
904,25.828781325776333
905,-125.93414858266388
906,-37.292469817755816
907,-52.270265468097556
908,-83.85407478374299
909,108.54661525363932
910,72.79377741064894
911,58.26384694126879
912,16.857986641793918
913,68.54775549883436
914,12.39462581261516
915,59.29750573628586
916,33.928988234120034
917,66.88106326817766
918,117.97793963616465
919,52.39500625451093
920,22.729504374650077
921,11.95955361766108
922,-64.73252775025261
923,123.73557486427177
924,49.45867040571468
925,41.68321125217969
926,-153.02908246644105
927,107.96862977712112
928,150.7156668200337
929,-29.532491532935957
930,190.63664811582439
931,-32.379338595347114
932,164.83701686097632
933,-40.27155848622799
934,-24.812610365155223
935,-49.87581844360294
936,28.192341562938264
937,-10.837043766318107
938,44.39372797995495
939,-30.021679803378873
940,143.41764218539006
941,183.51578411283782
942,14.710734811969346
943,13.209773885292627
944,44.31713766899978
945,60.19645295612722
946,-60.215958673411684
947,-16.884407339258182
948,-70.81529054692149
949,201.23213489188905
950,50.51628612783982
951,65.57932042844678
952,-133.23071475445366
953,20.90333845629191
954,-175.27755963234299
955,47.05477811361582
956,-12.741378498655088
957,-19.38564243792063
958,-97.12186837994349
959,95.46470516326073
960,12.840688071929641
961,43.202393360757576
962,-50.61355545675131
963,-78.25178455597998
964,-66.30004405255863
965,-42.53010279952813
966,125.52315415765287
967,16.297622122704354
968,96.33261726238393
969,165.31054084744937
970,78.13843204507216
971,-78.85376024527369
972,3.0196616293506917
973,158.22504127127584
974,-1.2135273969121911
975,10.651826814548848
976,39.70220142300724
977,11.761617005354562
978,-28.27875034904023
979,131.59705820953155
980,28.339745332568803
981,117.47895668380224
982,-106.44526239258113
983,17.622453827186884
984,72.04824536616513
985,74.1576996932593
986,-20.333791752280703
987,-6.920746594945236
988,4.291558221752872
989,24.260848674255747
990,-52.88594196545484
991,84.96906728809358
992,40.55725455881407
993,-158.03278635302675
994,-162.9128145455883
995,60.147169160194046
996,-136.3729051046502
997,-45.997898799089974
998,-56.64166856330281
999,36.001386257783516
1000,85.92912123896068
1001,-28.957327869378744
1002,57.5825820356062
1003,147.7179529935547
1004,193.23378458578944
1005,40.46170704741842
1006,-13.206977812975254
1007,-29.295241546878167
1008,79.95345402417948
1009,198.33513870392983
1010,76.24428431752489
1011,33.31043365903
1012,-11.553622817587701
1013,47.42398934830874
1014,186.54847016744944
1015,-61.46864255725283
1016,38.95570010296623
1017,101.23490898078663
1018,-31.351160693815437
1019,-40.36061804789338
1020,-72.30679752053231
1021,31.39684255491636
1022,-112.21918219640426
1023,71.4810984939539
1024,158.73277295443543
1025,83.29986231717885
1026,127.01629985057593
1027,-46.96631863050344
1028,-233.28578335762134
1029,-39.65652968699528
1030,66.4215915216459
1031,91.7608879682754
1032,-41.61754782731838
1033,263.3652315995452
1034,-65.86571386864404
1035,22.970670755953577
1036,216.9026086070239
1037,-31.39150112846211
1038,-2.617537706117604
1039,186.72000281163125
1040,-11.725530647142001
1041,-160.30095517801774
1042,55.997104129980364
1043,29.404938760486722
1044,95.86530964884975
1045,-36.42689413803271
1046,-7.5816214571228855
1047,-99.00782599290537
1048,67.23192513482239
1049,-69.3018273668487
1050,119.46900225741064
1051,7.423059804028689
1052,64.98627692374438
1053,121.19695310452352
1054,42.77035003123091
1055,43.005682161846224
1056,53.27772971110031
1057,-127.04958180141449
1058,165.08321568288284
1059,-8.620051883663464
1060,-47.559004387563746
1061,-30.02107585225287
1062,-7.775383553576962
1063,67.56945315261945
1064,63.076812935750674
1065,-80.75805488058819
1066,-11.896745328892514
1067,-113.93738661806907
1068,-125.6706872745907
1069,-135.55819109830915
1070,47.768986580672504
1071,-26.609278467698026
1072,83.1590653205094
1073,-20.494587813119317
1074,128.37721960994995
1075,65.15373440286629
1076,167.09286598911885
1077,86.49494951324522
1078,20.662051049837423
1079,41.90086937579522
1080,82.24011859712888
1081,-87.97793340460277
1082,-46.45921804856652
1083,104.75233658231957
1084,-121.05500027237352
1085,39.23237623030196
1086,117.29940869663602
1087,78.6469395897945
1088,-33.08309016972424
1089,1.7850703888032697
1090,-10.681014879444316
1091,23.644011779737596
1092,178.26671133305499
1093,21.92695934691422
1094,15.489918667528755
1095,49.388026771560035
1096,59.22898201907433
1097,-17.82521266540408
1098,11.694728331341409
1099,-36.12434548220331
1100,-32.951019246655996
1101,160.94669564745502
1102,-0.35233217593665245
1103,-66.96477058808412
1104,-123.53318729008933
1105,50.70729087296869
1106,71.57708756064025
1107,-88.06722753951632
1108,17.829023425724223
1109,-86.82288138244843
1110,124.0256061554341
1111,190.6487200880458
1112,-77.30245076342041
1113,30.195766545672278
1114,-104.23848159758228
1115,-214.94950676474625
1116,-56.72845109226089
1117,-107.93059965283811
1118,103.60147254895207
1119,104.30665211462562
1120,-45.48968553100303
1121,-8.887482162156637
1122,42.047669815879736
1123,-5.9887697353543246
1124,35.63853337194172
1125,61.60460019034996
1126,66.1616470616781
1127,43.29287133112482
1128,-20.29500240727165
1129,12.82453499401364
1130,-25.842924725064414
1131,79.94337874629693
1132,-73.53650090012613
1133,-85.46444502826355
1134,-26.788239366971666
1135,121.50381553155896
1136,-96.6048991008681
1137,59.289095841198865
1138,-36.13160972747011
1139,-127.32262967663482
1140,36.65400768577389
1141,-53.7598315538553
1142,-23.231517552058556
1143,95.53576264868855
1144,-5.538267209596924
1145,69.48852584956393
1146,-130.09410258267584
1147,38.05925689053275
1148,-206.78571464890317
1149,31.046887518120712
1150,46.63625637570315
1151,-122.35964970667419
1152,-126.4698718329081
1153,68.56293552298223
1154,-48.203122560501875
1155,52.07892431018073
1156,-81.7026523052281
1157,-56.870642756166184
1158,54.96753795216186
1159,-80.07437759172805
1160,-79.25549354208712
1161,-3.639231742168768
1162,49.38420313086669
1163,63.76262541107024
1164,3.6640505436539694
1165,109.99218283930719
1166,-14.392637401487391
1167,109.49467261901287
1168,41.52421697715846
1169,-36.5837350936934
1170,71.70956171679879
1171,59.653905760764445
1172,88.1748142913952
1173,134.6908169745975
1174,139.80926939538637
1175,-1.867198424179751
1176,125.96300855457753
1177,3.2662025881243064
1178,151.41745034533832
1179,62.440739089597045
1180,127.26403160912076
1181,23.17417845657514
1182,97.42645410310072
1183,-108.87375721377384
1184,106.31439171933204
1185,53.772053148171004
1186,-38.24138890232232
1187,9.842543389482287
1188,-75.59681025275125
1189,-8.427678557411937
1190,30.7523759512431
1191,208.83004905946277
1192,27.618642172786295
1193,63.31132337585585
1194,62.15247727884016
1195,-55.06103234631461
1196,125.75282325493501
1197,5.769736304800975
1198,-20.13010230570034
1199,19.09607009748286
1200,13.440395763085393
1201,-117.78989839291404
1202,126.91514000329809
1203,39.28602869346633
1204,-6.212031346391676
1205,25.019577939147243
1206,-22.170738157882916
1207,177.77647565117192
1208,146.7936454356491
1209,27.688346781820997
1210,148.6657447308315
1211,129.37005583882996
1212,106.9127191458079
1213,70.80524234659191
1214,174.2294806528007
1215,23.276755639973153
1216,20.33352126932523
1217,13.690350357298865
1218,121.85868954334131
1219,54.32147985573635
1220,157.02625285591355
1221,-64.63519056081549
1222,31.321493144506213
1223,19.0601552745053
1224,51.88648218406246
1225,-30.68855291851989
1226,14.806260937573953
1227,-26.113663860821482
1228,-74.11826508481536
1229,180.68480987056356
1230,-51.86168430799019
1231,-121.43163342208811
1232,-32.855335973161125
1233,-23.80417899758546
1234,-50.71615715422708
1235,86.7225247877243
1236,-43.9203818943494
1237,21.86381685442339
1238,-19.63046870841811
1239,20.86087412544454
1240,-41.84231675240085
1241,93.06531000815087
1242,90.54925781966017
1243,-7.430995326526553
1244,-33.92233538171393
1245,-82.11109229234307
1246,-58.117198462331764
1247,102.58488880533432
1248,-41.90893648668915
1249,-106.06603714286166
1250,48.733102169806735
1251,-54.75305009459583
1252,48.26176609211218
1253,199.7469103188926
1254,87.50726138876152
1255,-81.61005552569961
1256,30.327662625948825
1257,-97.35083360213437
1258,-21.092636116881195
1259,-44.620606640110594
1260,-102.27714074235323
1261,-31.74739743333803
1262,-5.1353707042466255
1263,-84.72730598253511
1264,-3.217565652266593
1265,183.00804599001722
1266,-114.06774287895738
1267,135.41484223518646
1268,117.83158837276167
1269,169.1529740965959
1270,5.182800806842529
1271,-46.9712897581001
1272,288.977436968946
1273,40.76386870053203
1274,59.493769510557605
1275,8.24689295289394
1276,-29.911827909582748
1277,-130.28681757144727
1278,77.08632194932207
1279,-79.06759781105018
1280,-73.97494731143289
1281,1.8785500188106354
1282,-21.344539274032414
1283,-9.306091750600437
1284,-11.520582140942167
1285,53.04631406099468
1286,24.661485627929977
1287,31.534224606711444
1288,-37.43742650648897
1289,-55.51400464063199
1290,-130.5743225751878
1291,114.13134815444931
1292,82.71084287612982
1293,63.20420520386754
1294,45.467073285855555
1295,-4.95433578355248
1296,122.62444448796072
1297,-149.39996644909306
1298,-29.59126793546657
1299,-15.320373337276315
1300,20.421441709469796
1301,87.19164374644913
1302,-85.23996003596483
1303,-30.795281315869985
1304,-64.57400469187232
1305,-325.4608034076674
1306,-39.691488544232726
1307,3.2746170002871873
1308,-63.32669630301978
1309,-0.6246740153576624
1310,17.663209317467956
1311,-108.04638627201427
1312,136.9052552663242
1313,76.11979366877716
1314,56.220619945299426
1315,-117.50381127787605
1316,12.902287688118484
1317,-18.350452890031967
1318,-115.52043382123674
1319,-123.68417662921479
1320,27.274767658471845
1321,35.557418351105
1322,56.31914688823324
1323,28.820359771422023
1324,142.97377875582401
1325,-69.12042525396404
1326,-91.62054952653003
1327,-75.22191310568562
1328,133.08929945952204
1329,253.70211121548536
1330,80.69509177604763
1331,122.49314241072892
1332,-81.8220764505864
1333,71.86408808179598
1334,47.59449447698637
1335,-233.99419213410192
1336,97.38319159368464
1337,-48.975692680242425
1338,64.17191642323343
1339,99.17945097727107
1340,-50.72151558306781
1341,26.69333236792314
1342,-11.790778948689177
1343,190.85627086189325
1344,77.82852623934491
1345,-87.10504332962012
1346,70.56608516715374
1347,10.857659403072567
1348,-42.42911982986458
1349,-105.71114327907188
1350,-57.533322787791185
1351,-40.67153604505541
1352,50.55007185319419
1353,23.738476024693377
1354,-35.16131615894833
1355,-54.699679574820486
1356,-2.5442068759313905
1357,-78.08042333182084
1358,144.35317401391328
1359,-17.670847373087764
1360,83.90212784578992
1361,105.27401767646924
1362,-42.25659800888734
1363,85.07311513618643
1364,-103.28751695513313
1365,-136.03383257659323
1366,45.65959017195792
1367,-32.86374727439492
1368,42.745451586337076
1369,-80.09237293071428
1370,-52.26318758770867
1371,-32.73361555299852
1372,37.467231954365445
1373,-89.94605185626779
1374,44.10644063092172
1375,150.6340275230297
1376,80.88422689275319
1377,30.182217319251983
1378,53.87299986361625
1379,98.516451746516
1380,-162.6191505620889
1381,202.28553949406827
1382,-205.37861648196102
1383,-86.4686442943098
1384,1.1704566910629879
1385,-56.21553613508758
1386,-49.33189073620073
1387,27.968266239742217
1388,-155.56693781636778
1389,68.50984086940701
1390,-34.172559890867745
1391,-92.01399025247287
1392,49.58493729545157
1393,-136.7998621569209
1394,131.28608451352272
1395,11.337391748791653
1396,85.76692766722613
1397,-85.30086202692064
1398,214.93305968963895
1399,11.188165762400835
1400,-51.31438943462553
1401,90.46231390604919
1402,-31.869730679910923
1403,47.62388552445795
1404,108.4716707287688
1405,-183.34840789973663
1406,70.06640607311044
1407,109.37999847846663
1408,-81.60008440768465
1409,36.197871829586326
1410,-23.086280237376023
1411,53.92720375067973
1412,179.69724117727375
1413,-145.29664903535357
1414,99.34369336811966
1415,-63.95184503826733
1416,106.01208214674497
1417,-95.89570648609686
1418,144.41539428230047
1419,4.434241527412059
1420,-168.60862958418946
1421,12.452771556818888
1422,139.22168175592589
1423,62.82534321973774
1424,73.87048085012037
1425,-119.92500343990596
1426,33.101135072756186
1427,-55.294067469823965
1428,156.81359162809153
1429,40.71012377054643
1430,103.8346390437004
1431,-84.79158190822713
1432,-64.16911665532027
1433,143.66659140984876
1434,2.167741504489106
1435,44.85939498827084
1436,122.96427304274744
1437,-132.03539265396338
1438,-40.57264279266811
1439,5.218728510735002
1440,-34.37065831987035
1441,-10.803436908955707
1442,-63.132778453841844
1443,-109.64265360810612
1444,45.399330117375605
1445,-64.76730942620051
1446,-8.550867881604887
1447,-38.69838643759946
1448,-103.52937921618363
1449,-11.61217023552679
1450,-25.503304984607304
1451,-46.50300519855571
1452,43.069010365861224
1453,101.39578010737705
1454,-7.196891444957366
1455,41.186443160267636
1456,80.90333676944127
1457,-105.96968009484456
1458,4.722024986632391
1459,-58.97467138645627
1460,-80.55500860691171
1461,23.861191879425785
1462,-86.36382800370501
1463,18.033948799245266
1464,12.872522268069511
1465,-12.060786963647061
1466,90.16757068119315
1467,-28.47659737413671
1468,5.790683739984776
1469,-101.32579646550724
1470,-118.98276064845618
1471,10.817775071854587
1472,73.5789367372937
1473,-42.65661167101217
1474,56.20330716337099
1475,-40.52156949559183
1476,102.79123497393383
1477,29.244216217670523
1478,107.41870850441563
1479,-90.48522727908914
1480,105.81999485570034
1481,118.82071911445618
1482,-64.44963832956103
1483,38.92776558041344
1484,40.25610406979101
1485,-60.6097700144016
1486,-108.35954039349414
1487,-47.99795361268513
1488,0.48280111821112115
1489,171.64712088388654
1490,23.81922029573296
1491,27.23898623614894
1492,-15.378751540310347
1493,303.10936073273774
1494,-5.3769856864958
1495,1.6748312942189862
1496,16.172969717744984
1497,147.44307338098486
1498,-142.15247775370804
1499,62.60769399350052
1500,-46.76669395785222
1501,122.56321145703262
1502,78.57490792056802
1503,-88.80034396651314
1504,4.036863675489634
1505,67.56049050445691
1506,173.52837490300206
1507,19.562487144878446
1508,-1.5433824312433568
1509,176.62584877328365
1510,19.6260011229947
1511,-64.88764826049666
1512,-91.83834799780337
1513,-42.17457156137845
1514,34.82446605503757
1515,-29.819797726353293
1516,-84.10399525207345
1517,215.00820751923342
1518,38.14514502945467
1519,-84.97399396127045
1520,-87.247148829824
1521,80.93995951966016
1522,-116.8028712680308
1523,-5.525892543596104
1524,21.290872556453955
1525,42.050994480411546
1526,66.89141018122373
1527,-94.74296286901776
1528,26.006561916710176
1529,-254.97547281284054
1530,-130.83575185404004
1531,-72.53337930824057
1532,-47.59811830065077
1533,-150.81689507312436
1534,6.819462751658683
1535,112.80972572608957
1536,-121.43244536619716
1537,-84.09093529313927
1538,47.90485241327841
1539,254.38101835797414
1540,29.883115605069584
1541,7.711467360600871
1542,-45.629614157965975
1543,-36.117021366636045
1544,-21.661367285723646
1545,132.14491302536763
1546,-125.97071894542975
1547,128.01458152097902
1548,124.17344078199537
1549,-4.3784707950656045
1550,63.768217906901874
1551,63.19460584211277
1552,87.96764735189811
1553,40.812559203428
1554,54.51745742482487
1555,-38.53285453231616
1556,94.03702386671557
1557,-25.920838998394295
1558,70.25322227405317
1559,-3.5763792491242086
1560,225.47598198888906
1561,111.5554753062105
1562,-51.63612265354724
1563,-126.19762327502204
1564,26.04983523366986
1565,-122.43350670691339
1566,64.09307170899457
1567,85.86695743931946
1568,-90.67806149951747
1569,-64.53008332733023
1570,6.960958487123342
1571,176.98262473019946
1572,145.8005342289695
1573,35.96438966760798
1574,69.98534666030469
1575,-142.45202314860637
1576,-85.44419817140042
1577,117.56735704307224
1578,-83.71213646968903
1579,-29.777011329145573
1580,-109.94615021316764
1581,-142.93744426525987
1582,-15.08126804341542
1583,125.955537810386
1584,80.95357880466324
1585,71.62108004429678
1586,-75.66592207446075
1587,102.11127487419674
1588,198.2483981022926
1589,177.47241928416904
1590,57.198782199345686
1591,113.40283602718716
1592,-137.42866968662025
1593,81.87462670457711
1594,74.9356091928141
1595,126.97249016936391
1596,-67.33144082902044
1597,162.72311328271664
1598,-1.8110953845457587
1599,115.08781814736619
1600,-8.776885106768077
1601,2.1303934264695084
1602,-39.042112341491894
1603,-78.85553636961399
1604,75.31109745882821
1605,-35.924255045269604
1606,51.589751182916835
1607,-29.895649013912937
1608,25.398238745300766
1609,85.27060354302685
1610,-286.6079936811334
1611,-60.246660383325754
1612,-21.684296679061084
1613,56.929983240766184
1614,-44.69401759826517
1615,0.7326742265563837
1616,46.900074193623475
1617,80.64271933264169
1618,108.78798713788956
1619,83.41957260608388
1620,109.64350531819252
1621,-24.981283553105506
1622,-69.66824672193468
1623,45.70131182987234
1624,20.51521111983753
1625,8.98311191919425
1626,177.002646807237
1627,117.84996010751482
1628,76.5562247687248
1629,-63.61204231077665
1630,-70.34038299592095
1631,-19.04817059748077
1632,-17.11322567354129
1633,-90.47160403429373
1634,26.167979385690423
1635,40.712395617805456
1636,67.19436200074983
1637,1.3819763936342113
1638,69.78418370812506
1639,-12.045738178182788
1640,-136.573532871691
1641,-23.519124667127684
1642,-25.994321798186697
1643,-43.49117108820028
1644,171.90514787176463
1645,128.84268775132125
1646,-21.778756124170314
1647,-120.93599567952097
1648,-137.59858415790902
1649,100.83516168643746
1650,69.33619721200304
1651,-97.80934569732582
1652,-4.848682360219669
1653,-10.494450135456951
1654,-11.507125228814608
1655,-80.6671000382799
1656,-0.13343365996009204
1657,-7.864098215570955
1658,20.393143962312188
1659,-173.66193264938215
1660,-82.30285237883416
1661,166.21726197624966
1662,-34.50317549613651
1663,-134.34018158029403
1664,-21.700506726510525
1665,61.47553233234286
1666,22.261764377488255
1667,112.56505433830631
1668,115.30012349377634
1669,-50.17691449911948
1670,-52.4963131635904
1671,61.602713322042106
1672,1.7978510839137343
1673,12.795266095542672
1674,79.15466672619101
1675,123.83909383116654
1676,53.0936949167964
1677,70.72401227034985
1678,177.0719415244669
1679,-129.28112487164566
1680,60.53121289466958
1681,50.648963614350514
1682,-127.2156311550468
1683,36.93087604308194
1684,140.52408247887485
1685,-92.81545872512041
1686,0.65396666411384
1687,-72.34589973951523
1688,-17.850104808512945
1689,-29.346409938188216
1690,25.529196744463015
1691,68.80885225801892
1692,-119.72362286793239
1693,66.02601102280869
1694,-180.07037162583848
1695,109.96498491693166
1696,139.54794538556146
1697,67.18826650836746
1698,61.893190709954695
1699,-36.652229684016525
1700,54.20210272982464
1701,6.8388305499987325
1702,-115.82728663851785
1703,31.881960426390506
1704,24.565681262764592
1705,-63.80468138927103
1706,54.094232137830566
1707,120.25752461959627
1708,22.82515933509751
1709,-20.468747118961993
1710,164.77037548106392
1711,26.07933032952816
1712,160.97929792209837
1713,-77.96125476098427
1714,58.88879149871692
1715,-53.92495133264403
1716,59.65878570231137
1717,-75.70918442179894
1718,-155.84120738500624
1719,4.147428929926306
1720,59.96309435913522
1721,-56.38652374769912
1722,-35.30104073058313
1723,59.796751961879544
1724,-64.121501564688
1725,-33.59526732460623
1726,-105.74802142299671
1727,-33.19187095207115
1728,31.720459001271205
1729,77.56490655279748
1730,74.47704510240143
1731,-100.00515840114039
1732,61.09108812742114
1733,42.354083746775395
1734,55.12414107779565
1735,101.47233683256206
1736,-42.17676384399762
1737,-96.14698707353023
1738,-77.92811737015123
1739,-84.66847690415415
1740,13.439112226498402
1741,27.800305978645525
1742,20.919519357684532
1743,-25.348403889687958
1744,23.210462423150762
1745,122.13906485319288
1746,-16.88691888714984
1747,-147.312186305939
1748,77.08106802687152
1749,38.95997123675575
1750,-110.27486845408072
1751,36.434055430269936
1752,40.61928086041317
1753,-74.65894571661093
1754,-110.13751740389205
1755,-64.31630635939581
1756,36.74138748721787
1757,-62.04927747186837
1758,-10.621322428508538
1759,-27.1319459526028
1760,-105.62678089143034
1761,49.679145636491945
1762,102.8325943135307
1763,3.967971894873177
1764,14.703161576842959
1765,46.210261275466806
1766,-80.03675962514535
1767,4.047471538741992
1768,78.30973452264419
1769,110.2709837183186
1770,-21.76992492703155
1771,-67.27563508488038
1772,-16.611620634911176
1773,-32.914302710304064
1774,67.98806345359414
1775,-36.9813334423448
1776,24.517339380927773
1777,102.9437250244867
1778,59.009813919805225
1779,-113.0228601458465
1780,180.1711651717493
1781,104.99145117325062
1782,153.14202015438167
1783,187.22956722566246
1784,-14.510544822054879
1785,164.11891412700916
1786,-54.12900709567483
1787,104.99608497585336
1788,-52.96313271594985
1789,73.59903901859323
1790,-48.047230590788644
1791,103.27181793001404
1792,73.39738627817742
1793,-12.34549330292625
1794,-64.0158174100819
1795,74.26662892415246
1796,8.713109976626114
1797,-20.0767233691049
1798,-4.883489877017517
1799,-176.03510083284087
1800,-70.48575636883672
1801,-140.28223438838563
1802,96.59605045290422
1803,175.33919326512577
1804,12.869031125232404
1805,-5.431961459221821
1806,-82.86466213545265
1807,103.85472996887094
1808,-30.053638353324708
1809,0.21794820652488234
1810,90.586772166705
1811,-32.94983068361423
1812,46.60101547830276
1813,-38.041392529768764
1814,-56.19788167158594
1815,120.63833136629555
1816,-34.752128957376506
1817,177.9589177065084
1818,-103.9873497064487
1819,-48.37574771048653
1820,-143.6259233656659
1821,-151.42909804628158
1822,34.73271311933443
1823,65.98959990883327
1824,-73.53529324784373
1825,42.36251102311825
1826,-71.56731937946759
1827,42.08931768606251
1828,-37.27126630467817
1829,9.883872433360942
1830,177.11986765377907
1831,-16.32595792770948
1832,42.990307556667915
1833,-0.6489360496825043
1834,-109.36844262796916
1835,101.18497523622128
1836,14.140680625803679
1837,156.13460702676656
1838,-191.84015824588843
1839,6.208232427052273
1840,-69.48414752841848
1841,-113.27862241232364
1842,-85.63282364730486
1843,-102.05853468751957
1844,-34.243140638888
1845,-0.49257214298403795
1846,-28.68880728510507
1847,-37.01981126773102
1848,14.5985895858012
1849,-35.75155616270832
1850,-372.7633094813229
1851,-109.7629614402596
1852,24.89245400531638
1853,58.67333674241262
1854,51.64961072671687
1855,156.5167602381324
1856,-56.127023672855735
1857,146.63512477870412
1858,73.55500963516104
1859,-37.6611970780339
1860,149.01541100165807
1861,-34.63207351190376
1862,133.65444956068205
1863,6.941360809821205
1864,-22.17632052789761
1865,10.259877283176527
1866,-87.87152059130761
1867,127.5641679448282
1868,107.46856925056835
1869,-8.10433075917468
1870,51.09349229668154
1871,121.43096140983045
1872,11.196357933580138
1873,50.119889989444076
1874,-28.762376095824543
1875,87.35790687067652
1876,-21.06835565978026
1877,-148.56590688996715
1878,115.89060384688057
1879,19.67938415840769
1880,94.56266085741362
1881,71.66013013531816
1882,-76.56093258258596
1883,-58.77150146217935
1884,64.1418431497761
1885,-93.84523877877231
1886,-127.81471778845858
1887,-63.62144783245066
1888,27.02442536338099
1889,-51.590280333656615
1890,-18.05132638444647
1891,148.24546642118278
1892,-147.2052760404389
1893,-29.306209208023347
1894,-21.999715686972827
1895,-17.538544790367734
1896,17.54801067595816
1897,179.1058722787453
1898,-238.35204668168475
1899,10.672726514402676
1900,17.460968185524134
1901,-4.2808587983172455
1902,-8.926373944407949
1903,51.4592209687592
1904,20.09532242135233
1905,-47.26983814809141
1906,-82.79466060116937
1907,61.69221829232749
1908,-56.694303990981986
1909,21.752899762648106
1910,-1.261789104364329
1911,30.391372969114595
1912,-2.108415080583704
1913,8.372291223518882
1914,73.63798588413366
1915,65.8159459605382
1916,-17.14177077352641
1917,39.058981115795554
1918,-70.14357466550427
1919,112.09516338694604
1920,-69.55760920726644
1921,-144.49127185164147
1922,27.800645113493466
1923,-71.44340525523003
1924,-40.15913219232002
1925,-15.061298247449542
1926,41.487799720119824
1927,97.7193366529975
1928,-3.1719566845517004
1929,-35.21624293893145
1930,40.09235503318368
1931,180.31653903725413
1932,101.7822468000657
1933,231.49031680991493
1934,97.14165250109454
1935,-71.6299055701351
1936,64.92953717623635
1937,-69.94854207326861
1938,49.27897707539723
1939,103.24848936852572
1940,-119.98068610996481
1941,-11.698814273746027
1942,-113.42790237562599
1943,38.55300056764329
1944,-37.130372497404295
1945,-82.78534720432927
1946,15.065089892778438
1947,-35.810335741471285
1948,-107.00874660980719
1949,142.37659840843784
1950,142.20218153301985
1951,33.73746328693264
1952,88.32505072942226
1953,-19.869480400195428
1954,-58.5801151863516
1955,98.27458589513435
1956,25.626712980797187
1957,50.90166034241363
1958,61.26304050583128
1959,18.146239385949187
1960,-121.2076261034822
1961,29.41218211707868
1962,-2.4004695006454355
1963,-107.61783155946353
1964,13.316796867875349
1965,39.83310779457393
1966,-86.30888673841264
1967,84.76788235397737
1968,43.119747288860175
1969,-72.50037111837494
1970,193.7492607085509
1971,20.798065816785005
1972,113.31707553997668
1973,-62.59110986299314
1974,-43.7585194896941
1975,-62.39706622618875
1976,19.949875109173234
1977,7.451050786659689
1978,30.50790068927371
1979,125.3863435767586
1980,84.47271989642957
1981,92.54273832798646
1982,134.06549964718752
1983,-88.6608814250666
1984,66.00064209496995
1985,85.08319594135051
1986,19.320496056445045
1987,-31.20241622103262
1988,-148.8572952878178
1989,-116.2433216072358
1990,-33.96171329826415
1991,-55.29997933898594
1992,-3.6561758146195036
1993,-53.32706561408062
1994,-123.81854391825581
1995,114.52356947794581
1996,-1.9020593457553403
1997,-82.66492225777614
1998,-27.07003601247022
1999,-4.100055697415186
2000,127.17932488657917
2001,-130.0693695860112
2002,-97.35154988320932
2003,18.25701677335785
2004,-120.67114030559034
2005,33.24972752832929
2006,89.49844010403751
2007,58.41108890313652
2008,65.4098492232591
2009,6.26042280121284
2010,107.88878746445602
2011,38.30013452753919
2012,73.70902304081946
2013,-28.48279237631764
2014,-107.94589163532456
2015,-9.813166006220115
2016,230.6760696163664
2017,76.34678112818128
2018,55.22539705200773
2019,-96.84916548946944
2020,156.6754332660258
2021,-38.73952583272965
2022,-76.1517549330259
2023,114.63367081067494
2024,99.58288100000274
2025,61.78884075513839
2026,23.844280826757895
2027,269.446760422979
2028,-52.34932744402561
2029,-6.455105869679372
2030,-4.222257231007466
2031,129.96905841971673
2032,-60.20679213933996
2033,89.07021422233453
2034,-22.438054435360968
2035,-73.63424954604949
2036,-97.984387283064
2037,-42.12586581569745
2038,110.25167676477338
2039,28.17803579997996
2040,-27.724144338469365
2041,129.59367555179418
2042,-96.47162681464044
2043,-17.92878715709469
2044,-74.30629201235723
2045,99.60492582985299
2046,-158.13415090060445
2047,135.68575123015825
2048,-5.107205596145473
2049,92.593326730364
2050,-51.20551486300519
2051,42.66108961656345
2052,57.14834218877627
2053,-47.13850255745769
2054,47.309843875907156
2055,125.27082256644414
2056,156.320453092444
2057,-36.443162668643915
2058,-168.76791637858943
2059,-58.163653841861425
2060,-77.57547147659167
2061,10.90281288444482
2062,34.01717798923296
2063,102.0458536455123
2064,-27.87490255595167
2065,-90.7609191929393
2066,109.48793454798579
2067,50.15089703104822
2068,43.414333967220585
2069,-28.815914489492343
2070,34.79963692571633
2071,-88.29426110084594
2072,-14.671721114946557
2073,-65.20641912431358
2074,33.471968422003314
2075,-81.23268265771654
2076,-17.561882128957706
2077,-45.99214438342781
2078,-39.61885566228966
2079,16.316134112086807
2080,141.7371397424034
2081,-78.16345408035454
2082,96.49353038889666
2083,56.807232321405365
2084,-21.11466912913391
2085,-42.663697337660025
2086,-108.70316794965501
2087,5.238513423466687
2088,63.53585766834351
2089,-24.093955050624963
2090,115.2276421078719
2091,-41.59826843944534
2092,-71.19145670317425
2093,178.06711092474794
2094,109.69744286144049
2095,9.23846275560873
2096,-54.77235140971619
2097,-81.42624159467621
2098,41.642410101468485
2099,231.81287858339445
2100,157.18120122569513
2101,-15.377315278825165
2102,20.593777772350638
2103,-19.03024626880937
2104,177.97844309859852
2105,-113.39318691648066
2106,31.19863119664221
2107,138.24064037046784
2108,58.809897519792095
2109,24.73750687268877
2110,-18.40405745253468
2111,1.2187328736109393
2112,22.500044166669763
2113,60.858583005274326
2114,-51.62586666749708
2115,7.346561293054222
2116,41.19971846670835
2117,52.754034119865125
2118,46.64471512630064
2119,53.26121829295246
2120,-37.758772531768976
2121,-153.11132915464512
2122,-27.901443431121784
2123,-85.6015772784848
2124,7.251124628446636
2125,-21.225844935156076
2126,76.56980241860637
2127,-57.780292684598415
2128,23.18484074379697
2129,-81.80852241229783
2130,-46.20318551731971
2131,144.7258223785939
2132,32.78641089534494
2133,39.52645956385689
2134,-34.9840046126068
2135,11.18328082670535
2136,-26.232651641638164
2137,29.478720543325547
2138,-18.435596930250362
2139,-23.300244649587576
2140,-39.458278975525175
2141,-3.282764454397551
2142,-40.3680370266911
2143,-138.00419484271623
2144,27.87806436986027
2145,0.774287210368481
2146,-41.19606393312786
2147,-110.55423870060608
2148,-45.367778604871
2149,245.13601437324098
2150,1.014519876545286
2151,-17.235486958025138
2152,-208.5270852163706
2153,30.48853809634568
2154,-56.89749269130656
2155,0.021725219931688855
2156,-159.37412852891603
2157,-28.89405479957626
2158,-53.41798269826393
2159,22.7236483681424
2160,35.71651741920089
2161,131.0329023616487
2162,-80.88994799193586
2163,37.61755996156041
2164,-28.298435250823594
2165,61.95872858566673
2166,63.98986239566046
2167,129.82553611282938
2168,-34.53780565316711
2169,23.93578552170088
2170,63.862481284347005
2171,-28.251083933110415
2172,103.87693667512582
2173,-131.79381844311987
2174,32.33020117440404
2175,212.98748318529172
2176,-42.51609322257488
2177,-20.515869605555114
2178,-127.52527619057417
2179,111.1808809418813
2180,-58.76969189519692
2181,49.197296682301115
2182,37.347727689028126
2183,55.7856306551695
2184,-13.684130341890242
2185,64.1770237487402
2186,-0.4953809150592505
2187,131.05330822978408
2188,65.82889320182667
2189,43.34871118348846
2190,11.57410481039566
2191,-50.297740008958336
2192,-83.21735449197132
2193,-48.60278768262433
2194,23.280058546507853
2195,-55.625882329313335
2196,-143.23911375212109
2197,34.729187868189086
2198,-20.8476512412442
2199,110.97808865514168
2200,-32.759771582532174
2201,-12.47171481281433
2202,-107.66993078650313
2203,-18.889082547873247
2204,118.3719950377976
2205,47.2810700871399
2206,107.84189174025485
2207,131.77599320470907
2208,-50.54334988906435
2209,-132.75096145880116
2210,37.07973098116553
2211,-46.11081132787128
2212,258.3585140348804
2213,135.81503771125543
2214,-99.02841904477617
2215,48.767325850620544
2216,-41.237745639785594
2217,-76.1207305262744
2218,-43.15297760454226
2219,47.4108846227767
2220,68.93859725634692
2221,-41.859013342162676
2222,-14.491046118077563
2223,-101.02063262142147
2224,-184.08383582013784
2225,12.114251245214245
2226,1.044017281490234
2227,63.98235205426861
2228,-54.14474129192288
2229,24.73865996617868
2230,-11.50116993635545
2231,143.85939386579497
2232,85.95871862885488
2233,71.60072646960634
2234,-105.47619003536718
2235,-111.73120098699928
2236,106.76745795247405
2237,139.4607210753939
2238,-93.33598980322091
2239,-91.4342316205749
2240,-165.4137129698858
2241,156.86235317229128
2242,-93.63474878677076
2243,7.090247542486111
2244,41.84440882856006
2245,-1.5704537678117703
2246,86.7460734827587
2247,-18.857138341049502
2248,9.083265818368218
2249,-17.636099033421388
2250,-31.754802866297403
2251,-94.96410418860037
2252,17.566801386253402
2253,-8.365225283095093
2254,-48.454383320078975
2255,-38.57961358309692
2256,72.45169063141671
2257,89.11861214308499
2258,-142.38165787684204
2259,-97.50084065565929
2260,91.46985999873456
2261,115.73536065192832
2262,7.85988585695509
2263,146.8146921161417
2264,1.6740070918806254
2265,93.96400904994059
2266,13.734661874796942
2267,3.0365267652151076
2268,53.234637756423886
2269,-15.963571721632363
2270,135.8100672994658
2271,99.36152716996943
2272,176.81827166656367
2273,-105.52589221911941
2274,13.737949129372211
2275,-23.976936901409744
2276,14.51266601103999
2277,69.66279181521296
2278,-160.36606882368946
2279,75.04805267823363
2280,16.17941236186524
2281,-57.74214297074831
2282,-37.59148120108888
2283,-69.78999682745686
2284,-119.10461531095851
2285,-21.511406057205892
2286,-57.30608316125517
2287,80.16848195228857
2288,35.43053531201336
2289,190.0381478898504
2290,59.81692167313501
2291,-133.80075381398365
2292,-63.400438600838505
2293,131.31830323286732
2294,55.3239219225584
2295,106.68338953107187
2296,16.746372781190722
2297,-121.9792050779024
2298,139.00094127913943
2299,34.96234320493948
2300,-101.89930881509491
2301,82.71167993240061
2302,-155.13819948662766
2303,57.6280727973402
2304,133.9296639876055
2305,27.597947360264357
2306,2.441680572847382
2307,-107.70673598015526
2308,163.88805609024016
2309,54.636007311731724
2310,-22.59098922763461
2311,-62.27841428292313
2312,-102.91490326850104
2313,160.07139314430069
2314,76.67732939145088
2315,-24.220027273697347
2316,-29.985876365951043
2317,1.5860608068939754
2318,-5.077593627726216
2319,30.829010159004795
2320,1.5201990018247074
2321,-73.22645130464153
2322,59.62320100935586
2323,-38.88844576856543
2324,-117.48454692663097
2325,-13.837024379598397
2326,-91.64840231735224
2327,29.74233959599441
2328,37.25721848679153
2329,92.34880302756835
2330,-277.29268005368715
2331,147.47671924986503
2332,-40.782420744529695
2333,-118.56382344760914
2334,51.880076911189384
2335,-29.04851805639769
2336,171.35716977293995
2337,26.568235847954043
2338,-23.51548117161999
2339,162.9474760023875
2340,-85.2964051711516
2341,-92.12888450978639
2342,-95.81056098879114
2343,91.10648896492862
2344,-2.8917263136559157
2345,-41.52867344011979
2346,-106.2181307768864
2347,-25.676327998898387
2348,131.57522366765397
2349,-51.72611576725998
2350,-60.87677456558439
2351,-7.807262735336927
2352,-144.96932322619418
2353,-6.823684727579966
2354,-31.182198613426237
2355,-119.35441026663503
2356,67.56658754890341
2357,16.90957978693327
2358,-63.97022510193032
2359,-8.575219452102441
2360,-19.479931448634066
2361,-32.45817703740144
2362,-127.5648705423514
2363,7.001647927057135
2364,3.7183779456461536
2365,36.90034206516401
2366,-90.13674926067165
2367,66.73190290438711
2368,-66.96469861926931
2369,-49.191618008267746
2370,-69.18895658886248
2371,30.857877001895893
2372,-89.28586726393158
2373,-3.476689782273276
2374,-27.31623781048002
2375,175.0275932133081
2376,-81.97169291832645
2377,-15.789897801593185
2378,-5.113812019497665
2379,-100.08449373791657
2380,-200.75257044993913
2381,50.36834571413429
2382,44.2867627623639
2383,34.76918896998724
2384,-146.1264060372936
2385,-29.424309625326593
2386,68.84518409708971
2387,-177.19786062633221
2388,-64.08822187427256
2389,8.805918195187036
2390,0.3340061188122192
2391,-33.336289293924075
2392,-43.13764652127704
2393,-98.28107688033074
2394,-37.34900185655465
2395,-48.990608630782305
2396,34.41954174333652
2397,-7.284357496015659
2398,11.82121929869863
2399,142.56677824343765
2400,-24.184559243099066
2401,131.4248665837598
2402,47.35411019806285
2403,-23.02320564975625
2404,46.90808072115307
2405,6.55225010584771
2406,-40.9652367432159
2407,70.71592194019138
2408,-20.04308841306569
2409,-87.78137921709666
2410,-68.98504046940616
2411,35.85520629377234
2412,94.70154014045124
2413,-172.70119535077967
2414,-50.80331610761292
2415,144.4718873633232
2416,-3.9200532924569984
2417,45.30923850524572
2418,69.64585770163967
2419,99.05796103458385
2420,-186.3284266412978
2421,-2.2920508292165795
2422,-52.23514793760405
2423,-93.04660632312849
2424,-98.34018098766569
2425,35.21350595067068
2426,-162.50151716958314
2427,114.42905341691232
2428,38.034658430253245
2429,57.691248578891084
2430,61.07992022422163
2431,-3.5973094096087017
2432,3.6809920060891113
2433,25.666582563979198
2434,-59.52528887439973
2435,241.19187165724938
2436,-15.088860144591791
2437,-13.797852183531681
2438,138.97294155306147
2439,-18.784229894649055
2440,-131.25644396868
2441,18.945209237429047
2442,42.916276221677066
2443,13.83692438881818
2444,210.4979932016135
2445,-46.44395413335942
2446,-108.69804158860714
2447,-181.48953165180362
2448,50.177980659025714
2449,-83.19664411020034
2450,-62.25895443040131
2451,96.37348661471509
2452,19.538083244644646
2453,-160.0753898004481
2454,62.30022158927587
2455,-60.07874248948571
2456,227.7669229427263
2457,90.65946901852715
2458,35.17645804066446
2459,15.724353058485406
2460,-46.69730535794586
2461,-9.876307428602399
2462,-85.71560200136065
2463,28.811751731773853
2464,121.24481660756541
2465,35.77724746501927
2466,-111.8130365556946
2467,-72.98866482367654
2468,-190.72878769482975
2469,34.53149153630395
2470,86.36083396078968
2471,-66.40045489853742
2472,84.072379296431
2473,-16.960767327531162
2474,-122.68500914073297
2475,-66.3702105493993
2476,-23.74793582044836
2477,158.59690772816953
2478,63.28609753760114
2479,-72.34321644601349
2480,52.13906732548496
2481,13.27609908952661
2482,-113.07941348660839
2483,-23.291119779106488
2484,2.0423862719483594
2485,-0.21484695687081867
2486,194.6902655745442
2487,-66.50628628633478
2488,35.90246714766989
2489,-24.39773236836445
2490,53.07555459682234
2491,124.70318652826745
2492,9.087491263731643
2493,128.32279829490264
2494,-67.62701556733626
2495,-5.838408868595188
2496,71.82507004018255
2497,72.9945310416933
2498,-32.31764833200145
2499,-60.90425848611813
2500,-171.35400392624004
2501,-67.23438221573034
2502,-16.853982879629623
2503,-116.67438199706814
2504,-100.62875257705153
2505,-53.77324765834684
2506,164.55826186236575
2507,-56.20881888924729
2508,-126.22976597727927
2509,79.74384610840337
2510,-32.65483663113042
2511,-55.4701672982355
2512,-11.135387529084255
2513,6.926069791607034
2514,86.1577140116012
2515,79.18276742699885
2516,60.76580477710731
2517,-75.85940926575765
2518,112.4108022559578
2519,-58.41836862180883
2520,-6.89912455820436
2521,-35.86814803378186
2522,-156.51353423519788
2523,-90.33610131393053
2524,98.10392284526944
2525,-0.8169152173379075
2526,156.09764274343837
2527,-29.94750274703877
2528,-47.995126131933425
2529,-196.01004247436404
2530,-30.96973440014829
2531,-198.9445877987641
2532,136.31541438701916
2533,79.37496982942548
2534,35.12463998500016
2535,45.88122143127302
2536,12.152576773057028
2537,-60.39224432140518
2538,-275.87132250822106
2539,19.240855855635477
2540,82.76651116896596
2541,-68.35040755741917
2542,172.0397156772738
2543,-17.039065917959547
2544,124.07107651147035
2545,-85.81281419663574
2546,-25.294809736780024
2547,-45.72200733193358
2548,65.82500495388132
2549,-56.297639768974
2550,32.12771500629674
2551,25.148488001789026
2552,-83.49483760849446
2553,28.3881565503506
2554,-77.02591565312787
2555,-64.7114097925745
2556,155.13209775227608
2557,47.06492233479329
2558,151.88820349547436
2559,51.08877192704781
2560,-106.11080605709805
2561,-157.06844048730304
2562,12.390382479949146
2563,25.32416115991507
2564,-6.562868343472012
2565,-24.42810678222613
2566,22.42744850840581
2567,-142.78442843876206
2568,-79.62040617392913
2569,-80.92370524981894
2570,58.00834994848909
2571,-72.88496154768143
2572,-92.79581047881194
2573,62.510990490431986
2574,-74.35786448251531
2575,93.89943274121944
2576,104.68149538771735
2577,-56.027174865672244
2578,72.9889261109068
2579,13.844051258697338
2580,17.24328493225179
2581,-73.79831161773382
2582,62.07561440602419
2583,214.03142427384796
2584,4.185333606025619
2585,-114.39439720538243
2586,45.69773644243927
2587,-30.606511383742124
2588,11.219307836019542
2589,-36.37047431603702
2590,-63.17805360609871
2591,-183.62841746250572
2592,-23.33798843770483
2593,-2.1341509300628783
2594,-108.65236832478135
2595,-97.51269148684085
2596,37.531211463935094
2597,59.916928326734755
2598,72.74074795795349
2599,31.362778969160573
2600,114.11900193091606
2601,-20.09749037281584
2602,133.75830753221823
2603,-71.13684167729048
2604,61.51209255069475
2605,-175.09021844174006
2606,-104.04338801874849
2607,51.27102474008056
2608,37.141606962856486
2609,53.83406193564783
2610,-13.67981096547534
2611,38.90657495260254
2612,-39.03158604869188
2613,54.565177818147596
2614,98.04965976244026
2615,37.417010060443374
2616,-44.76761576990113
2617,14.930853155959992
2618,201.80750888580033
2619,-31.66941559298732
2620,56.977320979554726
2621,123.15357286498931
2622,63.379012113997454
2623,93.99247212979884
2624,18.841034434919482
2625,-42.875875111626065
2626,-124.01738755407425
2627,-100.89815689889767
2628,-102.01055262440525
2629,-59.91834150411518
2630,88.43332908787877
2631,-6.6859049858233845
2632,44.43572489056537
2633,-70.60065667530142
2634,49.81463187228066
2635,-16.5636188161019
2636,58.87179081676219
2637,-63.01059899648073
2638,222.40839823513627
2639,3.595585929867667
2640,-98.63907444238916
2641,7.229276878430056
2642,75.65394241906256
2643,-7.7579440490518365
2644,29.18720759204392
2645,-123.92811674372305
2646,22.82008595362567
2647,-17.163563183024504
2648,87.05444767147634
2649,74.31891936886188
2650,45.2222265620967
2651,-167.25505800966997
2652,-34.2795670997697
2653,51.12813211611272
2654,-9.765033426285498
2655,-95.32891356074433
2656,70.08982100925738
2657,84.42425620177335
2658,-9.724594840497112
2659,246.90952685140388
2660,109.9218133272717
2661,77.46146495426083
2662,141.25079220317699
2663,60.25457749718165
2664,63.844194912715004
2665,27.755525655853162
2666,-30.003560102042307
2667,-118.70223076163745
2668,157.9103256299261
2669,-94.42596307935386
2670,79.89417295924838
2671,65.57436960784172
2672,51.94944996207055
2673,43.91258156135063
2674,-53.27126986158271
2675,-40.77064775453024
2676,-168.23121445603638
2677,-53.3228421628612
2678,-38.58489318618585
2679,64.10048300392572
2680,-7.094548314942408
2681,78.14637041003493
2682,-22.144448966851733
2683,-123.93537668806303
2684,76.99435341983101
2685,-63.36003539345713
2686,176.89534135457748
2687,-58.41943584430833
2688,-167.1051345740748
2689,-22.067568618101227
2690,85.37342699453822
2691,-46.40331317476224
2692,66.14714015657435
2693,-66.93086000407624
2694,42.91751031852008
2695,163.34615038174766
2696,100.0424201789622
2697,-34.36275835504137
2698,-33.40007133209874
2699,163.3869109779515
2700,72.38226188801566
2701,-3.559183290497618
2702,25.489197087552007
2703,-59.02638799103823
2704,-221.60482244142835
2705,27.093582418385985
2706,101.91088296363336
2707,-41.949141886901145
2708,24.27556249351924
2709,31.07515518952662
2710,98.2849362806669
2711,48.73961802142859
2712,22.327771270007617
2713,-7.7178112011762074
2714,184.5712267130017
2715,-137.88788311148653
2716,-9.551545499880856
2717,-9.315683792892997
2718,-29.49089284065557
2719,6.3443526986309955
2720,-27.745555235213473
2721,-57.2396977272849
2722,60.475391479187074
2723,37.183006920205614
2724,-18.508578122797594
2725,88.10145584246294
2726,8.981838279930805
2727,130.27434720997448
2728,-81.98286219207898
2729,-8.108882873173677
2730,51.0611734658354
2731,44.92862933145464
2732,188.89442237833802
2733,-63.80931462009833
2734,-109.04002180976525
2735,-70.70712226837776
2736,28.68113923668745
2737,15.17493333707926
2738,100.42118972138897
2739,-46.85841591576873
2740,-98.74325474857326
2741,103.80155481428372
2742,18.55849018043657
2743,-37.68840302621518
2744,112.72796977133828
2745,-30.039596753112697
2746,-5.541708395069918
2747,137.32515263376862
2748,161.5567056085886
2749,212.6552450606064
2750,62.37312280134574
2751,-12.724880291188647
2752,44.687195267238
2753,29.931054991739607
2754,-205.6075857964517
2755,66.64847681173055
2756,31.721926701867154
2757,129.1497259426259
2758,-90.66481703511971
2759,-132.91531635821414
2760,-18.92923842717827
2761,-18.54781713366981
2762,-48.02918127663675
2763,-88.19977439893057
2764,178.5446756674198
2765,97.412959810194
2766,56.58524314729899
2767,-98.56377201963554
2768,135.57596691890845
2769,2.4678251360558434
2770,130.5656753337411
2771,-14.811214023453097
2772,-33.07267865661054
2773,23.0243328874668
2774,51.97040981831099
2775,142.2001260929876
2776,-22.388253894264984
2777,-23.87444551045909
2778,4.3164892856760915
2779,62.51755508704504
2780,59.63839478165534
2781,-8.54783058711957
2782,23.391141759772168
2783,8.798376784058235
2784,-33.214900344055124
2785,45.075152962565774
2786,-129.46767292531234
2787,60.87153389545271
2788,98.94175168943426
2789,-7.6559405141299735
2790,107.48120917089747
2791,-73.06958655333
2792,87.02113832159026
2793,17.367971935521517
2794,-53.62051905173845
2795,266.3566142100315
2796,26.739675825754325
2797,80.31898749665584
2798,62.291285228943885
2799,-20.31176248364517
2800,17.858149617762862
2801,-70.84767122098512
2802,81.63418928854858
2803,150.87065237822256
2804,172.88035419127377
2805,51.63089965060338
2806,-57.260012354860415
2807,22.870632206878007
2808,-43.87446537120258
2809,-214.16171870142225
2810,49.740974020091286
2811,-43.73530305078285
2812,-44.30360614017939
2813,-7.5859417109525005
2814,-16.07774293802303
2815,12.795728770605471
2816,42.82263573926625
2817,-9.394215924565419
2818,-94.30695304334697
2819,-98.91002712046802
2820,-35.3194117789611
2821,67.78394240799757
2822,-55.211919940549656
2823,-45.36377752651255
2824,190.75198516572217
2825,-67.78859286972613
2826,7.482897760709214
2827,-10.515279645638579
2828,-37.03012657339306
2829,-29.449867435945187
2830,-31.43577250805847
2831,-172.1535341076252
2832,-3.5966428483534543
2833,111.94744358214663
2834,61.80416321348374
2835,25.375276276291032
2836,-10.690744540690638
2837,-85.0449693208511
2838,-4.002110162663682
2839,23.480088453980073
2840,-114.77959908519477
2841,18.12234044123708
2842,-20.83091715001727
2843,-77.31278338033158
2844,102.48805646191292
2845,107.01155786801559
2846,60.36994865096505
2847,42.93685196878657
2848,-54.23063029415439
2849,-53.995666523242924
2850,-109.24651614063757
2851,-142.6890641410669
2852,104.30652808231599
2853,52.75327411711101
2854,-34.205062407506176
2855,97.91156025342087
2856,88.09068750250188
2857,-20.257433698422183
2858,-26.721643214683965
2859,-109.44821980848207
2860,25.547881468275502
2861,-128.53733141919875
2862,-110.09420125588272
2863,-56.8326863018032
2864,22.78692877623827
2865,49.814968019058526
2866,-115.77362791555262
2867,-52.20220786293069
2868,52.859099494738075
2869,-68.27079714970472
2870,18.78246722468569
2871,33.43918397612949
2872,36.04960399576795
2873,98.43812310245946
2874,145.7905484658722
2875,-33.93940013810101
2876,49.787006974073385
2877,-23.956529467335237
2878,11.112941268241434
2879,-63.88034518128975
2880,36.45008657803058
2881,223.38475613590273
2882,7.664001422316694
2883,43.33069827105613
2884,3.3863715838019566
2885,2.0433822359608627
2886,16.480769382613282
2887,2.894242721723799
2888,-8.152538332655283
2889,68.34685148830178
2890,-102.24834384116986
2891,8.231721529668818
2892,40.28999196643056
2893,73.22883284990749
2894,-35.46405957333577
2895,30.580757242772492
2896,-111.15257986117004
2897,50.608769499280534
2898,-54.58183265834196
2899,89.84439217320892
2900,-21.212935536406885
2901,-17.699037682063185
2902,-53.83407386738646
2903,304.5423767163419
2904,61.98546939439752
2905,111.93352148883119
2906,-32.23606461071064
2907,122.59913412051739
2908,-51.51759364519307
2909,168.2517485990922
2910,100.27954419839372
2911,-84.08636341330833
2912,29.106883413224836
2913,-38.89642054951376
2914,114.83397528253406
2915,-66.7204149910637
2916,14.186664671734054
2917,-115.91986711152452
2918,-170.29046668460228
2919,9.731108232816446
2920,-73.60556287819566
2921,-20.05574063355573
2922,22.858143552319063
2923,82.42268675663166
2924,116.51081017450039
2925,15.049006699461241
2926,81.77005368311922
2927,-31.41507665649307
2928,-50.50226857580444
2929,-20.67947191460786
2930,-61.336143494728184
2931,-64.0669306753698
2932,-46.82568383224709
2933,-95.31307586006304
2934,-52.410806273284855
2935,80.42960195978372
2936,-83.0590360758388
2937,-3.0895414259461678
2938,-152.8435397571793
2939,-203.40353870746543
2940,-89.15259253049632
2941,70.30627141809717
2942,-64.08373744708962
2943,15.309341098569494
2944,-150.84440173181977
2945,-27.07285760775644
2946,21.388734768487886
2947,169.34766613616875
2948,91.99377443730825
2949,-0.07565775795930563
2950,-27.53293209273351
2951,104.56066841220314
2952,93.43693325051802
2953,24.697647944647546
2954,-159.14901536975063
2955,-61.031501924338464
2956,31.403746666246207
2957,66.6363031082279
2958,72.83750077202424
2959,-64.65979036472945
2960,127.68391338627237
2961,-40.20626976044229
2962,-76.63910508574185
2963,7.944276132188385
2964,41.73232189330087
2965,63.315934340885995
2966,-113.94967108470397
2967,-10.482933281389869
2968,-152.49506030192734
2969,39.27674834182273
2970,2.3955922003945496
2971,-30.187013136349968
2972,-91.25798428219815
2973,33.99518160112129
2974,-78.34430808775062
2975,-110.10785968923815
2976,-39.70144150485981
2977,116.30088236524688
2978,77.16777927753756
2979,-16.39306643066562
2980,89.6880407218506
2981,-82.25023083460368
2982,84.14452444198594
2983,42.163291462558604
2984,62.74465680931406
2985,-31.303309787648338
2986,30.951905778862262
2987,-23.68635615985766
2988,168.06098896759258
2989,-72.66994406768148
2990,-73.76746636386099
2991,14.27603979796364
2992,-20.820627112781885
2993,9.504330024644766
2994,-134.61343993884654
2995,-70.94898574658606
2996,-5.089478463045644
2997,38.15820308585894
2998,4.035235424900776
2999,48.615628810149865
